id,status,title,nav_field,field,subfield,core_la_object,la_concepts,primary_method,matrix_structure,typical_size,worked_example_size,tier,tier_ceiling,prereq_beyond_la,scalar_field,vector_space,underlying_equations
1,seed,Structural analysis of frames and trusses,Civil & Mechanical Engineering,Engineering,Civil/mechanical FEA,Sparse SPD linear system and generalized eigenproblem,linear solve; symmetric positive definite; generalized eigenproblem; conditioning,Sparse Cholesky; Lanczos,"symmetric, positive definite, sparse, banded",1e6-1e8 DOF,12-bar planar truss,3,3,"ordinary differential equations (second order, from the PDE of linear elasticity)",R,"R^n, n = number of unrestrained degrees of freedom (2 or 3 per node); displacements and forces live in the same space","Linear second-order ODE system M ü + K u = f, from the PDE of linear elasticity; statics sets ü = 0"
2,seed,Kalman filtering for navigation,Control & Robotics,Engineering,Aerospace/control,Covariance projection and Riccati recursion,least squares; projection; positive semidefinite; observability rank,Recursive weighted least squares; square-root filtering,small dense symmetric PSD,6-50 states,constant-velocity tracker with GNSS dropouts,3,3,stochastic differential equations; probability,R,"state in R^n (n = 6-50); measurements in R^m; covariances live in Sym_n, the real vector space of symmetric n x n matrices, dimension n(n+1)/2","Linear ODE driven by random noise (a stochastic differential equation), dx/dt = A x + noise, discretized exactly to x_{k+1} = F x_k + w_k"
3,seed,Computed tomography reconstruction,Medicine & Imaging,Medicine,Medical imaging,Ill-posed sparse linear system,ill-posedness; SVD spectrum; Tikhonov regularization; row-action methods,Kaczmarz/ART; CG on normal equations,"very sparse, severely ill-conditioned",1e6-1e9 unknowns,32x32 Shepp-Logan phantom,3,3,ordinary differential equations (Beer–Lambert); inverse-problem theory,R (nonnegative in practice),image in R^N (N voxels); measurements in R^M (M rays); A maps R^N to R^M with M != N,"First-order linear ODE along each ray (Beer–Lambert law), dI/ds = −μ I; the logarithm of its solution is linear in μ"
4,seed,Stoichiometric matrices of reaction networks,Chemistry & Chemical Engineering,Chemistry,Chem-eng/systems biology,Null spaces and rank of an integer matrix,right null space; left null space; rank; conservation laws,Nullspace basis; rational/integer arithmetic,"sparse integer, rank-deficient",2e3 x 3e3 (genome scale),glycolysis core model,3,3,ordinary differential equations (nonlinear kinetics),Q or R (S itself has integer entries),fluxes in R^r (r reactions); concentrations in R^m (m species); S maps flux space to species space - two different spaces that are easy to conflate,Nonlinear ODE system dc/dt = S v(c); every linear-algebra conclusion uses only the constant matrix S
5,seed,Leontief input-output economics,"Economics, Finance & Operations Research",Economics,Macroeconomics/EEIO,Nonnegative matrix and its resolvent,matrix inverse; Neumann series; Perron-Frobenius; spectral radius,Dense LU; Neumann expansion,"nonnegative, column sums < 1",400-500 sectors (1e4 multiregion),5-sector toy economy,1,3,,R (nonnegative),"outputs and demands in R^n, n = number of sectors",None: a static accounting identity for one period (the dynamic Leontief model adds an ODE)
6,seed,PageRank and network centrality,Computer Science & Networks,Computer Science,Network science,Stochastic matrix and dominant eigenvector,Perron-Frobenius; power iteration; rank-one update; stationary distribution,Power iteration,sparse column-stochastic plus rank-one,1e9 nodes,50-node synthetic web graph,2,2,,R,"R^n over pages, but the solution is constrained to the probability simplex (nonnegative, entries summing to 1), which is NOT a subspace","None; a linear difference equation π_{t+1} = G π_t, i.e. a discrete-time Markov chain"
7,seed,Linear error-correcting codes,Communications & Information Theory,Engineering,Communications/information theory,Subspace over a finite field,linear algebra over GF(2); null space; rank conditions; Vandermonde structure,Syndrome decoding; belief propagation,GF(2) entries; sparse H for LDPC,n up to 1e4,Hamming(7 4) full decode table,1,3,field extensions GF(2^m) for Reed-Solomon,"GF(2), the numbers 0 and 1 with arithmetic modulo 2 (addition is XOR, multiplication is AND); Reed–Solomon codes use GF(2^m)","GF(2)^n; the code is a k-dimensional subspace of it. There is no Euclidean length here - Hamming weight is a metric, not a norm from an inner product",None: algebraic constraints over GF(2)
8,seed,Multiple-view geometry and structure from motion,Computer Graphics & Vision,Computer Science,Computer vision/photogrammetry,Homogeneous least squares and rank truncation,SVD; homogeneous systems; rank-constrained projection; preconditioning,SVD; sparse Levenberg-Marquardt with Schur complement,small dense for E; large sparse arrowhead Jacobian,1e2-1e6 parameters,synthetic two-view 8-point with and without normalization,2,3,projective geometry; Lie groups for pose refinement,R,"scene points in R^3, written in homogeneous R^4 up to scale (projective space P^3); image points in R^2 as homogeneous R^3 up to scale (P^2). The unknown essential matrix is vectorized to R^9 and recovered only up to scale, so it is really a point of P^8",None: projective geometry of the pinhole camera
9,seed,Empirical orthogonal functions in climate data,Earth & Climate Science,Earth Science,Climatology/oceanography,Low-rank approximation of a data matrix,SVD; Eckart-Young optimality; variance partitioning; interpretability limits,Truncated/randomized SVD,"dense, low effective rank",1e4-1e5 x 1e3,synthetic SST field with two planted modes,2,3,,R,each time slice is a spatial field in R^s (s grid points); EOFs live in R^s and principal-component series in R^t (t time steps),None used: a statistical decomposition of observed data (the ocean itself obeys PDEs that the method ignores)
10,seed,Quantum mechanics and quantum computing,Physics & Quantum Chemistry,Physics,Quantum chemistry/quantum information,Hermitian eigenproblem on a tensor-product space,Hermitian operators; unitary evolution; tensor products; low-rank/tensor networks,Lanczos; Davidson; SCF iteration,"Hermitian, sparse in a local basis, exponential dimension",2^n,Huckel MO energies for benzene,3,3,differential equations (Schrödinger); quantum formalism,C (real symmetric in the Huckel special case),"unit vectors in C^d; for n qubits d = 2^n and the space is the tensor product (C^2)^(x)n. Global phase is unphysical, so states are really points of CP^(d-1). Observables are Hermitian matrices, which form a REAL vector space of dimension d^2",Linear Schrödinger equation iħ dψ/dt = H ψ; separation of variables gives the eigenproblem H φ = E φ
11,backlog,Spectral clustering and image segmentation,Machine Learning & Data,Computer Science,Machine learning/vision,Graph Laplacian eigenvectors,Laplacian; Fiedler vector; normalized cuts,Sparse symmetric eigensolve,sparse symmetric PSD,1e4-1e7,,2,3,spectral graph theory; Cheeger inequality,R,R^n over graph nodes,
12,backlog,Resistor networks and Kirchhoff's laws,Electrical Engineering,Physics,Circuit theory,Graph Laplacian as a physical operator,Laplacian; effective resistance; pseudoinverse,Sparse solve,"sparse symmetric PSD, rank n-1",1e3-1e6,,1,2,,R,"R^n node potentials, R^m edge currents",
13,backlog,Poisson and Navier-Stokes discretization,Mathematics & Numerical Analysis,Mathematics,Numerical PDE/CFD,Large sparse structured system,Krylov methods; preconditioning; multigrid,CG/GMRES with multigrid,"sparse, structured, often SPD",1e6-1e9,,3,3,partial differential equations,R,R^N over grid points,
14,backlog,Power-grid load flow and state estimation,Electrical Engineering,Engineering,Electrical power systems,Sparse Newton Jacobian,sparse LU; weighted least squares; Sherman-Morrison,Newton-Raphson; WLS,"very sparse, network-structured",1e4-1e5 buses,,3,3,differential equations (AC phasors); nonlinear systems; Newton methods,R (complex phasors underneath),R^2n: voltage magnitudes and angles,
15,backlog,Linear programming and the simplex method,"Economics, Finance & Operations Research",Mathematics,Operations research,Basis matrices and rank-one updates,basis exchange; duality; total unimodularity,Revised simplex; interior point,sparse constraint matrix,1e5-1e7 variables,,2,3,convex duality; polyhedral theory,R,R^n with nonnegativity constraints,
16,backlog,Portfolio optimization,"Economics, Finance & Operations Research",Economics,Quantitative finance,Covariance matrix,positive definiteness; conditioning; shrinkage estimation,Quadratic programming,"dense symmetric PSD, ill-conditioned",1e2-1e3 assets,,2,3,probability; convex optimization,R,R^n portfolio weights on the simplex,
17,backlog,The FFT as a matrix factorization,Signal Processing,Mathematics,Signal processing,Factorization of the DFT matrix,unitary matrices; structured factorization; complexity from structure,Cooley-Tukey,dense unitary with recursive sparse factorization,1e3-1e9,,2,3,complex analysis; algorithmic complexity,C,C^n,
18,backlog,Beamforming and MUSIC direction finding,Signal Processing,Engineering,Radar/sonar/wireless,Signal and noise subspaces,eigendecomposition of covariance; subspace separation,Eigendecomposition,small dense Hermitian,1e1-1e2 sensors,,2,3,random processes; estimation theory,C,C^m sensor snapshots,
19,backlog,JPEG and video compression,Signal Processing,Computer Science,Multimedia,Fixed orthogonal transform,orthogonal bases; energy compaction; quantization,DCT,dense orthogonal 8x8 blocks,8x8 blocks,,1,2,,R,"R^64, each 8x8 pixel block",
20,backlog,Least squares regression and the hat matrix,Statistics,Statistics,Applied statistics,Orthogonal projection onto a column space,QR vs normal equations; leverage; collinearity,QR/householder,dense or sparse design matrix,1e2-1e7 rows,,1,2,statistical inference for the diagnostics,R,"observations in R^n, coefficients in R^k",
21,backlog,Matrix completion and recommender systems,Machine Learning & Data,Computer Science,Machine learning,Low-rank matrix recovery,nuclear norm; low-rank factorization; missing data,ALS; SVD-based methods,very sparse observations of a low-rank matrix,1e6 x 1e5,,3,3,convex optimization; nuclear-norm theory,R,the matrix space R^(m x n) itself,
22,backlog,Word embeddings and latent semantic analysis,Machine Learning & Data,Computer Science,NLP,Factorization of a co-occurrence matrix,SVD; implicit matrix factorization,Truncated SVD; SGD factorization,"sparse counts, low-rank structure",1e5 x 1e5,,2,2,,R,R^V over vocabulary,
23,backlog,Attention and low-rank adapters in transformers,Machine Learning & Data,Computer Science,Deep learning,Learned bilinear forms and rank-constrained updates,bilinear forms; low-rank parameterization,Dense GEMM,dense,1e3-1e4 per head,,2,3,deep learning; optimization,R,R^d token embeddings,
24,backlog,Geodetic network adjustment,Earth & Climate Science,Earth Science,Geodesy/surveying,Rank-deficient least squares,datum defect; constrained least squares; historical origin of LS,Constrained normal equations,"sparse, rank-deficient by datum",1e3-1e6,,1,2,,R,R^3n station coordinates,
25,backlog,Seismic tomography,Earth & Climate Science,Earth Science,Geophysics,Ill-posed sparse inverse problem,regularization; ray coverage and null space,LSQR; regularized iterative solve,"sparse, poorly conditioned, uneven coverage",1e5-1e8,,3,3,"partial differential equations (wave equation, ray theory); inverse-problem theory",R,R^N over model cells,
26,backlog,Distance geometry for NMR structures,Life Sciences,Biology,Structural biology,Low-rank Gram matrix recovery,Cayley-Menger; classical MDS; PSD completion,Eigendecomposition; SDP relaxation,dense PSD Gram matrix,1e2-1e4 atoms,,2,3,semidefinite programming,R,R^3n coordinates; the Gram matrix lives in Sym_n,
27,backlog,X-ray crystallography and the phase problem,Chemistry & Chemical Engineering,Chemistry,Structural chemistry,Fourier coefficients with missing phase,Fourier transform as a linear map; Patterson maps; direct methods,Direct methods; molecular replacement,dense complex Fourier operator,1e4-1e6 reflections,,3,3,Fourier analysis; crystallographic group theory,C,C^R over measured reflections,
28,backlog,Markov decision processes,Machine Learning & Data,Computer Science,Reinforcement learning,Linear system for policy evaluation,fixed point; stochastic matrices; contraction mapping,Policy/value iteration; linear solve,sparse stochastic,1e3-1e9 states,,2,3,probability; contraction mappings,R,R^|S| over states,
29,backlog,Sports and citation ranking (Massey/Colley),Statistics,Statistics,Ranking systems,Least squares on pairwise comparisons,least squares; rank deficiency from disconnected graphs,Normal equations,"sparse, graph-structured",1e2-1e4 teams,,1,2,,R,R^T over teams,
30,backlog,Sparse GF(2) nullspace in the number field sieve,Cryptography & Security,Mathematics,Cryptanalysis,Nullspace of a huge sparse GF(2) matrix,linear algebra over finite fields at scale,Block Lanczos; Wiedemann,extremely sparse GF(2),1e8 x 1e8,,3,3,number theory; algebraic number fields,GF(2),GF(2)^n,
31,backlog,Normal mode analysis and elastic network models,Life Sciences,Biology,Biophysics,Hessian eigenproblem,generalized eigenproblem; low-frequency modes; coarse graining,Sparse eigensolve,sparse symmetric PSD from contact graph,1e3-1e5 DOF,,3,3,ordinary differential equations; statistical mechanics,R,R^3n atomic displacements,
32,backlog,Flux balance analysis at genome scale,Life Sciences,Biology,Systems biology,Linear program over a null space,null space; linear programming; duality,Simplex/interior point,sparse integer stoichiometry,2e3 x 3e3,,3,3,ordinary differential equations (steady state of dc/dt = S v); linear programming duality,R,R^r flux space,
33,backlog,Population genetics PCA,Life Sciences,Biology,Genomics,Low-rank structure in a genotype matrix,SVD; interpretability limits; ascertainment bias,Randomized SVD,dense or sparse 0/1/2 genotype matrix,1e4 x 1e6,,2,2,,R,R^M over genetic markers,
34,backlog,Phylogenetic invariants,Life Sciences,Biology,Phylogenetics,Polynomial relations among tensor entries,multilinear algebra; tensor rank; algebraic geometry,Grobner bases; tensor methods,tensors of site-pattern frequencies,4^n patterns,,3,3,algebraic geometry; commutative algebra,R or C,the tensor product space (R^4)^(x)n of site patterns,
35,backlog,Consensus and opinion dynamics,Computer Science & Networks,Mathematics,Network dynamics,Averaging with a stochastic matrix,convergence rate from algebraic connectivity; Perron-Frobenius,Power iteration; ODE integration,sparse row-stochastic,1e2-1e6,,2,3,"none for the discrete-time DeGroot model; continuous-time consensus, dx/dt = −L x, is an ODE (Tier 3)",R,R^n over agents,
36,backlog,2D affine transforms in vector graphics,Computer Graphics & Vision,Computer Science,Computer graphics,Homogeneous coordinates and matrix composition,homogeneous coordinates; composition; noncommutativity; inverse transforms,Dense 3x3 products,dense 3x3,3x3,SVG/CSS transform stack applied to a polygon,1,2,,R,"R^2 points, embedded in homogeneous R^3",
37,backlog,3D viewing and perspective projection pipeline,Computer Graphics & Vision,Computer Science,Computer graphics,Model-view-projection chain,change of basis; homogeneous coordinates; projective division,Dense 4x4 products,dense 4x4,4x4,wireframe cube through the full MVP chain,1,2,,R,"R^3 points, embedded in homogeneous R^4",
38,backlog,3D rotations and rigid-body pose,Control & Robotics,Engineering,Robotics/graphics,Orthogonal matrices with determinant +1,orthogonality; determinant; composition; change of basis,Dense small products,orthogonal 3x3; SE(3) 4x4,3x3-4x4,robot wrist pose composition and a gimbal-lock demonstration,1,3,Lie groups and quaternions if pushed further,R,"R^3; rotations form SO(3), a group, not a subspace",
39,backlog,Barycentric coordinates and triangle rasterization,Computer Graphics & Vision,Computer Science,Computer graphics,Coordinates relative to a simplex basis,coordinates w.r.t. a basis; affine combinations; interpolation,Small dense solve per pixel,dense 3x3,3x3,Gouraud-shaded triangle with depth interpolation,1,1,,R,R^3 barycentric coefficients for a triangle in R^2,
40,backlog,Color spaces as change of basis,Computer Graphics & Vision,Computer Science,Color science/imaging,3x3 change of basis between primary sets,change of basis; conditioning; convex cones for gamut,Dense 3x3 solve,dense 3x3,3x3,sRGB to XYZ to LMS with a white-point adaptation,1,2,colorimetry conventions,R,R^3 tristimulus values,
41,backlog,Polynomial interpolation and change of basis,Mathematics & Numerical Analysis,Mathematics,Numerical analysis,Vandermonde system in a polynomial vector space,basis and dimension; change of basis; conditioning,Dense solve; Lagrange/Newton forms,"dense Vandermonde, ill-conditioned",8x8,monomial vs Lagrange vs Chebyshev basis on 8 nodes,1,2,,R,"P_n, polynomials of degree at most n, dimension n+1",
42,backlog,Bezier curves and font rendering,Computer Graphics & Vision,Computer Science,Typography/vector graphics,Bernstein basis of a polynomial space,basis change; linear operators on function spaces,Basis-change matrix; de Casteljau,dense 4x4,4x4,cubic Bezier glyph segment; monomial-Bernstein conversion,1,1,,R,"P_3, cubic polynomials, dimension 4 per coordinate",
43,backlog,Finite-difference stencils by undetermined coefficients,Mathematics & Numerical Analysis,Mathematics,Numerical analysis,Small Vandermonde solve for derivative weights,linear operators; Taylor constraints as linear equations,Dense small solve,dense Vandermonde,5x5,5-point second-derivative stencil derived from scratch,1,3,Taylor series; PDE discretization downstream,R,R^k stencil weights acting on function samples,
44,backlog,Fourier series as orthogonal projection,Mathematics & Numerical Analysis,Mathematics,Applied analysis,Inner-product space of functions,inner products; orthogonal bases; best approximation,Projection via orthogonality,diagonal Gram matrix,8 harmonics,square wave projected onto its first 8 harmonics,1,2,integration,R,"C[0,1], continuous real functions on [0,1], with inner product <f,g> = integral of f g - an infinite-dimensional space approximated in a finite subspace",
45,backlog,Least-squares fitting in a chosen function basis,Statistics,Statistics,Applied modeling,Design matrix built from basis functions,column space; projection; normal equations; basis choice,QR least squares,dense tall design matrix,50x6,"same data fit in polynomial, spline, and Fourier bases",1,2,,R,"the span of k chosen basis functions, a k-dimensional subspace of a function space",
46,backlog,AC circuit analysis with complex impedance,Electrical Engineering,Engineering,Electrical engineering,Complex-valued linear system,complex scalars; mesh analysis; phasors,Dense complex solve,dense complex 3x3,3x3,three-mesh RLC network at a single frequency,3,3,ordinary differential equations (phasors solve linear ODEs with sinusoidal forcing); complex exponentials,C,C^m mesh currents,
47,backlog,The small DFT as a complex unitary matrix,Signal Processing,Mathematics,Signal processing,Explicit DFT matrix,complex inner products; unitary matrices; orthogonal bases,Direct matrix-vector product,dense complex unitary,8x8,"8-point DFT written out, applied, and inverted",1,2,,C,C^8,
48,backlog,Shamir secret sharing,Cryptography & Security,Computer Science,Cryptography,Polynomial interpolation over GF(p),vector spaces over a finite field; Lagrange interpolation; uniqueness from rank,Interpolation over GF(p),small Vandermonde over GF(p),3x3 over GF(251),3-of-5 threshold split and reconstruction of a secret,1,2,modular arithmetic,GF(p) for a prime p,"polynomials of degree < k over GF(p), a k-dimensional space",
49,backlog,RAID-5 parity and XOR recovery,Computer Science & Networks,Computer Science,Storage systems,Single parity equation over GF(2),GF(2) arithmetic; rank; solving one linear equation,XOR reconstruction,1 x n over GF(2),1x5,recover a failed stripe unit from the surviving units,1,2,,GF(2),"GF(2)^n, one coordinate per stripe unit",
50,backlog,CRC checksums as polynomial arithmetic over GF(2),Communications & Information Theory,Engineering,Communications,Polynomials over GF(2) modulo a generator,polynomials over a finite field; linear maps; modular reduction,Shift-register or matrix form,sparse GF(2) companion matrix,8-32 bit,"CRC-8 of a short message, computed both ways",1,3,quotient rings,GF(2),"GF(2)[x]/(g(x)), polynomials modulo the generator - a quotient space of dimension deg(g)",
51,backlog,Traffic flow conservation at intersections,Civil & Mechanical Engineering,Engineering,Transportation,Underdetermined system with free variables,null space; particular plus homogeneous solution; nonnegativity,Gaussian elimination; parametrized solution,sparse incidence-like,5x7,one-way grid of four intersections,1,2,,R (nonnegative),R^E over road segments,
52,backlog,Mass balance in a chemical process flowsheet,Chemistry & Chemical Engineering,Engineering,Chemical engineering,Small dense linear system with recycle coupling,linear systems; rank; consistency,Dense solve,dense 6x6,6x6,mixer-reactor-separator loop with recycle,1,2,,R (nonnegative),R^S over process streams,
